GTIN,Vendedores,Precos
7896451824776,Amazon.com.br,"R$ 45,90"
7896451824776,Americanas.com,"R$ 44,90"
7896451824776,Magazine Luiza,"R$ 44,90"
7896451824776,eFácil,"R$ 40,41"
7896451824776,Casas Bahia,"R$ 44,90"
7896451824776,Extra.com.br,"R$ 44,90"
7896451824776,Atacadista Online,"R$ 56,30"
7896451824776,Submarino,"R$ 44,90"
7896451824776,Shoptime,"R$ 44,90"
7896451824776,Pontofrio.com,"R$ 44,90"
7896451826770,Americanas.com + Mostrar todas as 2,"R$ 65,55"
7896451826770,Submarino + Mostrar todas as 2,"R$ 65,55"
7896451826770,eFácil,"R$ 71,10"
7896451826770,Casas Bahia,"R$ 79,00"
7896451826770,Shoptime + Mostrar todas as 2,"R$ 65,55"
7896451826770,Extra.com.br,"R$ 79,00"
7896451826770,Magazine Luiza,"R$ 79,00"
7896451826770,Carrefour,"R$ 206,90"
7896451826770,Mercado Livre - Coelho1939,"R$ 91,50"
7896451826770,Mercado Livre - Magazinebela,"R$ 255,00"
3165140662833,eFácil,"R$ 881,10"
3165140662833,Pontofrio.com,"R$ 1.052,46"
3165140662833,Americanas.com,"R$ 1.248,78"
3165140662833,Casas Bahia,"R$ 1.052,46"
3165140662833,Extra.com.br,"R$ 1.052,46"
3165140662833,Submarino,"R$ 1.097,63"
3165140662833,Mercado Livre - Oxi Maq Ferramentas,"R$ 1.311,93"
3165140662833,Shoptime,"R$ 1.097,63"
4548736044012,Magazine Luiza,"R$ 1.671,91"
4548736044012,ShopFácil.com,"R$ 1.671,91"
4548736044012,Angeloni,"R$ 1.599,00"
4548736044012,Santana,"R$ 720,49
Redução de preço de 43%"
4548736044012,Supermuffato.com,"R$ 1.749,00"
4548736044012,Colombo.com.br,"R$ 1.649,00"
4548736044012,Submarino,"R$ 1.899,99"
4548736044012,Americanas.com,"R$ 1.899,99"
4548736044012,Pontofrio.com,"R$ 2.015,00"
4548736044012,Mercado Livre - Doc2291520 + Mostrar todas as 5,"R$ 399,90"
4548736044005,KaBuM!,"R$ 1.899,90"
4548736044005,Casas Bahia,"R$ 1.899,05"
4548736044005,Pontofrio.com,"R$ 1.994,05"
4548736044005,Nagem.com.br,"R$ 1.899,00"
4548736044005,Extra.com.br,"R$ 1.994,05"
4548736044005,Submarino,"R$ 2.036,90"
4548736044005,taQi,"R$ 2.099,00"
4548736044005,Zoom,"R$ 1.879,91"
4548736044005,ShopFácil.com,"R$ 1.989,00"
4548736044005,Supermuffato.com,"R$ 2.199,00"
7891155005032,Erro ao buscar o produto
